[{
  "_id": {
    "$oid": "74caa4e7aa7946ee833b87cc"
  },
  "Name": "Columbus",
  "MessageCount": 1,
  "SubscriptionCount": 952
},{
  "_id": {
    "$oid": "a29ee0da34da4baca3c070df"
  },
  "Name": "StonerProTips",
  "MessageCount": 2,
  "SubscriptionCount": 145
},{
  "_id": {
    "$oid": "a4db37e92d89469fb6a64701"
  },
  "Name": "TMNT",
  "MessageCount": 1,
  "SubscriptionCount": 955
},{
  "_id": {
    "$oid": "d37d08ac0e71421ea762cdfa"
  },
  "Name": "thelastofus",
  "MessageCount": 1,
  "SubscriptionCount": 794
},{
  "_id": {
    "$oid": "e0c925e98be34e419b1a84fe"
  },
  "Name": "punchablefaces",
  "MessageCount": 1,
  "SubscriptionCount": 185
},{
  "_id": {
    "$oid": "20c3e74308a14ec39420ec6a"
  },
  "Name": "SurvivorRankdown",
  "MessageCount": 1,
  "SubscriptionCount": 906
},{
  "_id": {
    "$oid": "2f95fb1970ce422f9bd658db"
  },
  "Name": "entp",
  "MessageCount": 1,
  "SubscriptionCount": 722
},{
  "_id": {
    "$oid": "666f23ff39814777a6c65191"
  },
  "Name": "Anarcho_Capitalism",
  "MessageCount": 6,
  "SubscriptionCount": 166
},{
  "_id": {
    "$oid": "d9ee9afa9cf64abf88f5f573"
  },
  "Name": "amiugly",
  "MessageCount": 5,
  "SubscriptionCount": 564
},{
  "_id": {
    "$oid": "c7e2c3d5b24a485788936b28"
  },
  "Name": "forestry",
  "MessageCount": 1,
  "SubscriptionCount": 547
},{
  "_id": {
    "$oid": "ca32f29dbe744a5d96ff97ec"
  },
  "Name": "Neverwinter",
  "MessageCount": 1,
  "SubscriptionCount": 609
},{
  "_id": {
    "$oid": "1f205e5ef2b6441e8cb0dd84"
  },
  "Name": "techsupportgore",
  "MessageCount": 3,
  "SubscriptionCount": 133
},{
  "_id": {
    "$oid": "4a723cf2ec294e0184422315"
  },
  "Name": "Games",
  "MessageCount": 47,
  "SubscriptionCount": 82
},{
  "_id": {
    "$oid": "9f854f4a608c4052913b537a"
  },
  "Name": "Reformed",
  "MessageCount": 1,
  "SubscriptionCount": 671
},{
  "_id": {
    "$oid": "5a26a0ec3ca74acbbf78f77d"
  },
  "Name": "ArtisanVideos",
  "MessageCount": 1,
  "SubscriptionCount": 805
},{
  "_id": {
    "$oid": "433d77b6c575467ab6ba0714"
  },
  "Name": "HondaCB",
  "MessageCount": 1,
  "SubscriptionCount": 799
},{
  "_id": {
    "$oid": "927e0f6783e74af4999ca22a"
  },
  "Name": "seduction",
  "MessageCount": 9,
  "SubscriptionCount": 340
},{
  "_id": {
    "$oid": "bd74fb2435394f1aa7fc32b7"
  },
  "Name": "okc",
  "MessageCount": 1,
  "SubscriptionCount": 130
},{
  "_id": {
    "$oid": "46eb1cf676bd4b6cb51aba87"
  },
  "Name": "circumcision",
  "MessageCount": 1,
  "SubscriptionCount": 582
},{
  "_id": {
    "$oid": "f3423f9a6a7345e9842db008"
  },
  "Name": "hockey",
  "MessageCount": 14,
  "SubscriptionCount": 260
},{
  "_id": {
    "$oid": "2d48fb7078ac4d0291c8fa7d"
  },
  "Name": "reddit.com",
  "MessageCount": 97,
  "SubscriptionCount": 47
},{
  "_id": {
    "$oid": "2f5d3b2d3c674b7d8d7ac030"
  },
  "Name": "warsaw",
  "MessageCount": 1,
  "SubscriptionCount": 210
},{
  "_id": {
    "$oid": "d1dfaa426b394eca9e323025"
  },
  "Name": "femalefashionadvice",
  "MessageCount": 4,
  "SubscriptionCount": 623
},{
  "_id": {
    "$oid": "72c7a693d6974fe1931e652e"
  },
  "Name": "RedPillWomen",
  "MessageCount": 1,
  "SubscriptionCount": 584
},{
  "_id": {
    "$oid": "083e660d0d0f47ca8dbb525d"
  },
  "Name": "diabetes",
  "MessageCount": 6,
  "SubscriptionCount": 35
},{
  "_id": {
    "$oid": "ab88a3d559ef4bceac714ccf"
  },
  "Name": "Diablo3Monks",
  "MessageCount": 2,
  "SubscriptionCount": 907
},{
  "_id": {
    "$oid": "e1b779794e1049d8b5cd7608"
  },
  "Name": "Bass",
  "MessageCount": 4,
  "SubscriptionCount": 422
},{
  "_id": {
    "$oid": "e5258b205d79460291d08c23"
  },
  "Name": "logistics",
  "MessageCount": 1,
  "SubscriptionCount": 578
},{
  "_id": {
    "$oid": "2e6faa5d11f7425fb0f19bca"
  },
  "Name": "fountainpens",
  "MessageCount": 1,
  "SubscriptionCount": 486
},{
  "_id": {
    "$oid": "7645b05f381347ca9c3ea6c2"
  },
  "Name": "networking",
  "MessageCount": 2,
  "SubscriptionCount": 332
},{
  "_id": {
    "$oid": "e333f5e1f1e24598b5cdb355"
  },
  "Name": "TwoXChromosomes",
  "MessageCount": 54,
  "SubscriptionCount": 363
},{
  "_id": {
    "$oid": "e2917b90aadd43b2bbca4546"
  },
  "Name": "Indiemakeupandmore",
  "MessageCount": 1,
  "SubscriptionCount": 899
},{
  "_id": {
    "$oid": "2d3aad53d41b40058fb605b8"
  },
  "Name": "Cumberbitches",
  "MessageCount": 2,
  "SubscriptionCount": 891
},{
  "_id": {
    "$oid": "4e9e6199fa9e4fab86fe9ba5"
  },
  "Name": "highdeas",
  "MessageCount": 1,
  "SubscriptionCount": 286
},{
  "_id": {
    "$oid": "a28dfd91befb4941977004ce"
  },
  "Name": "NASCAR",
  "MessageCount": 2,
  "SubscriptionCount": 382
},{
  "_id": {
    "$oid": "07bfd32a45994169beb745d8"
  },
  "Name": "wilfred",
  "MessageCount": 1,
  "SubscriptionCount": 182
},{
  "_id": {
    "$oid": "b0fbd9c9552f42db895d9ad3"
  },
  "Name": "LatvianJokes",
  "MessageCount": 1,
  "SubscriptionCount": 818
},{
  "_id": {
    "$oid": "cfdf2a8343374bf0a834a7ae"
  },
  "Name": "HIMYM",
  "MessageCount": 8,
  "SubscriptionCount": 182
},{
  "_id": {
    "$oid": "408137cf82f54934bcf5b19f"
  },
  "Name": "TheoryOfReddit",
  "MessageCount": 3,
  "SubscriptionCount": 699
},{
  "_id": {
    "$oid": "c5f1287797fc40a28f384ed8"
  },
  "Name": "OttawaSenators",
  "MessageCount": 1,
  "SubscriptionCount": 923
},{
  "_id": {
    "$oid": "3d87e2c58fd44ee7a11ff47d"
  },
  "Name": "alcohol",
  "MessageCount": 1,
  "SubscriptionCount": 787
},{
  "_id": {
    "$oid": "beccb8f9e7254a0692246ecd"
  },
  "Name": "GoNets",
  "MessageCount": 1,
  "SubscriptionCount": 874
},{
  "_id": {
    "$oid": "96d8d544de4041c1b88db40a"
  },
  "Name": "UKPersonalFinance",
  "MessageCount": 1,
  "SubscriptionCount": 263
},{
  "_id": {
    "$oid": "136aed8351154f06bda45b6a"
  },
  "Name": "paradoxplaza",
  "MessageCount": 2,
  "SubscriptionCount": 811
},{
  "_id": {
    "$oid": "6a691c8861154341b953ac6e"
  },
  "Name": "jailbreak",
  "MessageCount": 3,
  "SubscriptionCount": 388
},{
  "_id": {
    "$oid": "9680f109ff294c89a10bca3e"
  },
  "Name": "Ingress",
  "MessageCount": 4,
  "SubscriptionCount": 162
},{
  "_id": {
    "$oid": "1f0f7e3375ae446a8bf5f16b"
  },
  "Name": "strife",
  "MessageCount": 1,
  "SubscriptionCount": 428
},{
  "_id": {
    "$oid": "5841b85944a84d919e96e62d"
  },
  "Name": "horror",
  "MessageCount": 1,
  "SubscriptionCount": 810
},{
  "_id": {
    "$oid": "df6e90d896ac46fb81e26e99"
  },
  "Name": "xxfitness",
  "MessageCount": 8,
  "SubscriptionCount": 0
},{
  "_id": {
    "$oid": "bec1875849644da3a124bc8c"
  },
  "Name": "Diablo3Barbarians",
  "MessageCount": 1,
  "SubscriptionCount": 253
},{
  "_id": {
    "$oid": "1cb9c8ff540942049b6ecc3a"
  },
  "Name": "Vaping",
  "MessageCount": 1,
  "SubscriptionCount": 335
},{
  "_id": {
    "$oid": "bb7e05e343cd4a2abc9073a5"
  },
  "Name": "aviation",
  "MessageCount": 1,
  "SubscriptionCount": 691
},{
  "_id": {
    "$oid": "27be88aeb9d24bdab1ef0ccb"
  },
  "Name": "TeamSolomid",
  "MessageCount": 1,
  "SubscriptionCount": 67
},{
  "_id": {
    "$oid": "f5ce92765259469fbe347c2e"
  },
  "Name": "WGU",
  "MessageCount": 1,
  "SubscriptionCount": 69
},{
  "_id": {
    "$oid": "4e81ba966cb04d36906b3580"
  },
  "Name": "orangeisthenewblack",
  "MessageCount": 3,
  "SubscriptionCount": 514
},{
  "_id": {
    "$oid": "c28e04a7947c4813af9ca2d8"
  },
  "Name": "CinemaSins",
  "MessageCount": 1,
  "SubscriptionCount": 743
},{
  "_id": {
    "$oid": "b1a47f1af2724b3e93c9ce40"
  },
  "Name": "4chan",
  "MessageCount": 4,
  "SubscriptionCount": 519
},{
  "_id": {
    "$oid": "1c114d12e0ec4dfda27b439c"
  },
  "Name": "themoddingofisaac",
  "MessageCount": 1,
  "SubscriptionCount": 999
},{
  "_id": {
    "$oid": "8b2b8936a54a4153a2c691c2"
  },
  "Name": "PleX",
  "MessageCount": 2,
  "SubscriptionCount": 193
},{
  "_id": {
    "$oid": "5348c94a179743368b07ab3d"
  },
  "Name": "pettyrevenge",
  "MessageCount": 4,
  "SubscriptionCount": 821
},{
  "_id": {
    "$oid": "e9eab40a23de46b39273e2bc"
  },
  "Name": "JamesBond",
  "MessageCount": 1,
  "SubscriptionCount": 579
},{
  "_id": {
    "$oid": "fc67cabc99674b96a830e7f9"
  },
  "Name": "oneplus",
  "MessageCount": 2,
  "SubscriptionCount": 265
},{
  "_id": {
    "$oid": "79eadf96f4e0417684d2a6bf"
  },
  "Name": "bourbon",
  "MessageCount": 1,
  "SubscriptionCount": 850
},{
  "_id": {
    "$oid": "df390447ca474af398ddd1b6"
  },
  "Name": "Foodforthought",
  "MessageCount": 1,
  "SubscriptionCount": 508
},{
  "_id": {
    "$oid": "f8dde8620cb843fa81aabf21"
  },
  "Name": "brasil",
  "MessageCount": 2,
  "SubscriptionCount": 235
},{
  "_id": {
    "$oid": "ab35305980ae479e83267c7a"
  },
  "Name": "Cardiff",
  "MessageCount": 1,
  "SubscriptionCount": 944
},{
  "_id": {
    "$oid": "f071fa410df04db09e301725"
  },
  "Name": "Nationals",
  "MessageCount": 1,
  "SubscriptionCount": 343
},{
  "_id": {
    "$oid": "f7ce470b3f644e9bbb720689"
  },
  "Name": "Browns",
  "MessageCount": 1,
  "SubscriptionCount": 511
},{
  "_id": {
    "$oid": "140b0dce56b94b42a1c40994"
  },
  "Name": "AtheistToChristian",
  "MessageCount": 1,
  "SubscriptionCount": 451
},{
  "_id": {
    "$oid": "87e2aa381b6c42ddb048c377"
  },
  "Name": "skateboarding",
  "MessageCount": 1,
  "SubscriptionCount": 699
},{
  "_id": {
    "$oid": "2fbd9e58c46b41c696209643"
  },
  "Name": "Scams",
  "MessageCount": 1,
  "SubscriptionCount": 332
},{
  "_id": {
    "$oid": "31f93591ffc54a35aac58b4e"
  },
  "Name": "falcons",
  "MessageCount": 1,
  "SubscriptionCount": 173
},{
  "_id": {
    "$oid": "5fa0eb7e19b14ecfae167f7d"
  },
  "Name": "PhilosophyofScience",
  "MessageCount": 2,
  "SubscriptionCount": 471
},{
  "_id": {
    "$oid": "fd0efd556aca404c870c8431"
  },
  "Name": "coys",
  "MessageCount": 2,
  "SubscriptionCount": 567
},{
  "_id": {
    "$oid": "1993ca8609d543259f3d8941"
  },
  "Name": "fantasybaseball",
  "MessageCount": 1,
  "SubscriptionCount": 327
},{
  "_id": {
    "$oid": "4a26446364124b0fb87eaec0"
  },
  "Name": "infp",
  "MessageCount": 2,
  "SubscriptionCount": 926
},{
  "_id": {
    "$oid": "28d112eb664b48bb8aced296"
  },
  "Name": "CalmDiscussion",
  "MessageCount": 1,
  "SubscriptionCount": 602
},{
  "_id": {
    "$oid": "594721b61b444cd6a3055122"
  },
  "Name": "homeautomation",
  "MessageCount": 1,
  "SubscriptionCount": 790
},{
  "_id": {
    "$oid": "a76065eb81f94c96bc47330b"
  },
  "Name": "queen",
  "MessageCount": 1,
  "SubscriptionCount": 784
},{
  "_id": {
    "$oid": "5e9e9ac083664d2d88043334"
  },
  "Name": "RandomActsOfPolish",
  "MessageCount": 2,
  "SubscriptionCount": 367
},{
  "_id": {
    "$oid": "b92221ba66d449aaa847bfed"
  },
  "Name": "waiting_to_try",
  "MessageCount": 1,
  "SubscriptionCount": 124
},{
  "_id": {
    "$oid": "7ed218dc09c1423c8cfa56fc"
  },
  "Name": "hiphopheads",
  "MessageCount": 5,
  "SubscriptionCount": 475
},{
  "_id": {
    "$oid": "1985f9e8c11d4e928a402c8a"
  },
  "Name": "MotoX",
  "MessageCount": 1,
  "SubscriptionCount": 457
},{
  "_id": {
    "$oid": "ea597bd3b8e14711babf38ab"
  },
  "Name": "Glitch_in_the_Matrix",
  "MessageCount": 1,
  "SubscriptionCount": 163
},{
  "_id": {
    "$oid": "1cf5a70695b241c582792eea"
  },
  "Name": "compsci",
  "MessageCount": 3,
  "SubscriptionCount": 73
},{
  "_id": {
    "$oid": "c5fa35f3453246a7be739d82"
  },
  "Name": "drums",
  "MessageCount": 4,
  "SubscriptionCount": 546
},{
  "_id": {
    "$oid": "5ce992e12eb54e2583b13307"
  },
  "Name": "BigBrother",
  "MessageCount": 1,
  "SubscriptionCount": 30
},{
  "_id": {
    "$oid": "39741ef70bec4646a9096fc9"
  },
  "Name": "NPSL",
  "MessageCount": 1,
  "SubscriptionCount": 657
},{
  "_id": {
    "$oid": "0ba49b69e5484c88a54fddfc"
  },
  "Name": "Metroid",
  "MessageCount": 1,
  "SubscriptionCount": 759
},{
  "_id": {
    "$oid": "0c2a112dd48a443ab1ab13fc"
  },
  "Name": "resumes",
  "MessageCount": 1,
  "SubscriptionCount": 469
},{
  "_id": {
    "$oid": "6de6fa5b93b44789a86cfd3d"
  },
  "Name": "hookah",
  "MessageCount": 2,
  "SubscriptionCount": 27
},{
  "_id": {
    "$oid": "bf257cb8703743e7b56fa876"
  },
  "Name": "TeenWolf",
  "MessageCount": 1,
  "SubscriptionCount": 177
},{
  "_id": {
    "$oid": "6f2bca40e1f74cfe86ea2b2c"
  },
  "Name": "FantasyPL",
  "MessageCount": 1,
  "SubscriptionCount": 658
},{
  "_id": {
    "$oid": "f208e2609644482aac3ecf7e"
  },
  "Name": "TheGirlSurvivalGuide",
  "MessageCount": 2,
  "SubscriptionCount": 298
},{
  "_id": {
    "$oid": "6b922a1a56f742eaa6e2faa5"
  },
  "Name": "CombatFootage",
  "MessageCount": 3,
  "SubscriptionCount": 502
},{
  "_id": {
    "$oid": "7f5d0777887646cd8b71aa18"
  },
  "Name": "fatpeoplestories",
  "MessageCount": 6,
  "SubscriptionCount": 698
},{
  "_id": {
    "$oid": "61d561081042433bbcb98ab2"
  },
  "Name": "civ5",
  "MessageCount": 1,
  "SubscriptionCount": 7
},{
  "_id": {
    "$oid": "5cc4ffe8187d4860988b377f"
  },
  "Name": "teaching",
  "MessageCount": 1,
  "SubscriptionCount": 568
},{
  "_id": {
    "$oid": "41b34a5dce504498880a704c"
  },
  "Name": "NYCbike",
  "MessageCount": 1,
  "SubscriptionCount": 148
},{
  "_id": {
    "$oid": "73bfb7c6e46e4dd68bb90c4c"
  },
  "Name": "infamous",
  "MessageCount": 1,
  "SubscriptionCount": 980
},{
  "_id": {
    "$oid": "84e0d8be9d9c49ffa5f39e2e"
  },
  "Name": "delusionalartists",
  "MessageCount": 1,
  "SubscriptionCount": 781
},{
  "_id": {
    "$oid": "4421bf7ef4484d8dafe35fce"
  },
  "Name": "linguistics",
  "MessageCount": 2,
  "SubscriptionCount": 201
},{
  "_id": {
    "$oid": "35d0077bf52e4ce6b23cf0fb"
  },
  "Name": "Romania",
  "MessageCount": 3,
  "SubscriptionCount": 673
},{
  "_id": {
    "$oid": "65b8cc0ee6dc421c8c6c4178"
  },
  "Name": "voluntarism",
  "MessageCount": 1,
  "SubscriptionCount": 970
},{
  "_id": {
    "$oid": "54602aaf702743b6905badfc"
  },
  "Name": "JobFair",
  "MessageCount": 1,
  "SubscriptionCount": 829
},{
  "_id": {
    "$oid": "93474b3c464c4fce8ea9977d"
  },
  "Name": "wendywright",
  "MessageCount": 1,
  "SubscriptionCount": 250
},{
  "_id": {
    "$oid": "b01054b106a747d5b6b3ac9b"
  },
  "Name": "NorthCarolina",
  "MessageCount": 2,
  "SubscriptionCount": 43
},{
  "_id": {
    "$oid": "968105bb8c484315b3fe3a5a"
  },
  "Name": "FL_Studio",
  "MessageCount": 2,
  "SubscriptionCount": 228
},{
  "_id": {
    "$oid": "623c35f30c2b4b8b85997a0e"
  },
  "Name": "tea",
  "MessageCount": 1,
  "SubscriptionCount": 400
},{
  "_id": {
    "$oid": "d964db24967f4c148fc8567b"
  },
  "Name": "arresteddevelopment",
  "MessageCount": 1,
  "SubscriptionCount": 806
},{
  "_id": {
    "$oid": "2a73d3fc323346318a18fd90"
  },
  "Name": "Israel",
  "MessageCount": 6,
  "SubscriptionCount": 447
},{
  "_id": {
    "$oid": "b2015d0880ab47dfbbdcb3de"
  },
  "Name": "AskHistorians",
  "MessageCount": 10,
  "SubscriptionCount": 969
},{
  "_id": {
    "$oid": "5de1c07e13fa4fb5b60b217d"
  },
  "Name": "tales",
  "MessageCount": 1,
  "SubscriptionCount": 485
},{
  "_id": {
    "$oid": "32413ec532714dd29574bdc5"
  },
  "Name": "jobs",
  "MessageCount": 4,
  "SubscriptionCount": 790
},{
  "_id": {
    "$oid": "99c1f12c96aa4093a453e127"
  },
  "Name": "bisexual",
  "MessageCount": 2,
  "SubscriptionCount": 342
},{
  "_id": {
    "$oid": "566571c2b2b448dab6a8f3a9"
  },
  "Name": "katawashoujo",
  "MessageCount": 2,
  "SubscriptionCount": 572
},{
  "_id": {
    "$oid": "abbdaabeee6b4433a1bb90f8"
  },
  "Name": "jmu",
  "MessageCount": 1,
  "SubscriptionCount": 276
},{
  "_id": {
    "$oid": "3dca3051b9f44ed6bcaf841e"
  },
  "Name": "gundeals",
  "MessageCount": 1,
  "SubscriptionCount": 555
},{
  "_id": {
    "$oid": "9b2b186bd9d24a9d8b6fa28e"
  },
  "Name": "HeroesofNewerth",
  "MessageCount": 3,
  "SubscriptionCount": 683
},{
  "_id": {
    "$oid": "936885c5f428498795a390c1"
  },
  "Name": "BDSMcommunity",
  "MessageCount": 3,
  "SubscriptionCount": 546
},{
  "_id": {
    "$oid": "df465e4af39f495eae5ded99"
  },
  "Name": "webdev",
  "MessageCount": 3,
  "SubscriptionCount": 79
},{
  "_id": {
    "$oid": "2cc781ebcf0349feabff44f8"
  },
  "Name": "Chefit",
  "MessageCount": 2,
  "SubscriptionCount": 93
},{
  "_id": {
    "$oid": "e70e88ac59844449b8a853b1"
  },
  "Name": "hoarding",
  "MessageCount": 1,
  "SubscriptionCount": 235
},{
  "_id": {
    "$oid": "707b706fdd834c68a8589660"
  },
  "Name": "weightroom",
  "MessageCount": 2,
  "SubscriptionCount": 509
},{
  "_id": {
    "$oid": "86c42760722145aeab7025ea"
  },
  "Name": "Louisville",
  "MessageCount": 1,
  "SubscriptionCount": 917
},{
  "_id": {
    "$oid": "8f6aef01829f4e05b6830dc6"
  },
  "Name": "streamtown",
  "MessageCount": 1,
  "SubscriptionCount": 602
},{
  "_id": {
    "$oid": "b3772dd982ba4220b532854c"
  },
  "Name": "WildStar",
  "MessageCount": 5,
  "SubscriptionCount": 542
},{
  "_id": {
    "$oid": "a273b34de50d4acfb1042d4c"
  },
  "Name": "Cheap_Meals",
  "MessageCount": 1,
  "SubscriptionCount": 864
},{
  "_id": {
    "$oid": "1db7fe8e92e745c893f4b482"
  },
  "Name": "vegetarian",
  "MessageCount": 1,
  "SubscriptionCount": 237
},{
  "_id": {
    "$oid": "76d8fbad85cf457da8be0c0b"
  },
  "Name": "mwo",
  "MessageCount": 4,
  "SubscriptionCount": 734
},{
  "_id": {
    "$oid": "635f6ef897d249f695004813"
  },
  "Name": "SimCity",
  "MessageCount": 1,
  "SubscriptionCount": 456
},{
  "_id": {
    "$oid": "c37953ae6d114923b8191fc8"
  },
  "Name": "Seattle",
  "MessageCount": 9,
  "SubscriptionCount": 791
},{
  "_id": {
    "$oid": "b65559a22c0b4c0f898946c7"
  },
  "Name": "TalesFromThePizzaGuy",
  "MessageCount": 1,
  "SubscriptionCount": 387
},{
  "_id": {
    "$oid": "bab904f7c05447b3aaa8cdcf"
  },
  "Name": "educationalgifs",
  "MessageCount": 1,
  "SubscriptionCount": 379
},{
  "_id": {
    "$oid": "d6447f38ac674c6b87ed9226"
  },
  "Name": "Metal",
  "MessageCount": 8,
  "SubscriptionCount": 679
},{
  "_id": {
    "$oid": "911d03127a8e49ea924d749e"
  },
  "Name": "realdubstep",
  "MessageCount": 1,
  "SubscriptionCount": 930
},{
  "_id": {
    "$oid": "6e02bd326400402193883d87"
  },
  "Name": "SuggestALaptop",
  "MessageCount": 1,
  "SubscriptionCount": 981
},{
  "_id": {
    "$oid": "d7617ac84e974c5394c20342"
  },
  "Name": "Gunners",
  "MessageCount": 4,
  "SubscriptionCount": 985
},{
  "_id": {
    "$oid": "e679aab33c794452b06beac1"
  },
  "Name": "fantasyfootball",
  "MessageCount": 14,
  "SubscriptionCount": 610
},{
  "_id": {
    "$oid": "f9c013dcc62c4c118e2f8629"
  },
  "Name": "Sneakers",
  "MessageCount": 2,
  "SubscriptionCount": 883
},{
  "_id": {
    "$oid": "c0c99b767bcf49e28508be27"
  },
  "Name": "SampleSize",
  "MessageCount": 1,
  "SubscriptionCount": 878
},{
  "_id": {
    "$oid": "55ae4d9608614bb6bacacedb"
  },
  "Name": "AndroidQuestions",
  "MessageCount": 4,
  "SubscriptionCount": 246
},{
  "_id": {
    "$oid": "f4e2c0c9cd0847dc8d67de89"
  },
  "Name": "LucidDreaming",
  "MessageCount": 2,
  "SubscriptionCount": 584
},{
  "_id": {
    "$oid": "5c61f71019ba49bea5496859"
  },
  "Name": "gardening",
  "MessageCount": 2,
  "SubscriptionCount": 738
},{
  "_id": {
    "$oid": "d55546c29c32427a8da3509e"
  },
  "Name": "surfing",
  "MessageCount": 3,
  "SubscriptionCount": 582
},{
  "_id": {
    "$oid": "28ce90c02e45458ba984994c"
  },
  "Name": "longboarding",
  "MessageCount": 6,
  "SubscriptionCount": 886
},{
  "_id": {
    "$oid": "78e467ccd64c4c2e95500173"
  },
  "Name": "GolfGTI",
  "MessageCount": 1,
  "SubscriptionCount": 376
},{
  "_id": {
    "$oid": "67c01a8c9c5f4d0babeab33d"
  },
  "Name": "engineering",
  "MessageCount": 6,
  "SubscriptionCount": 752
},{
  "_id": {
    "$oid": "fcfbf76ebcfd407f890a4d1c"
  },
  "Name": "startrek",
  "MessageCount": 3,
  "SubscriptionCount": 404
},{
  "_id": {
    "$oid": "c87883d290964c708d66748a"
  },
  "Name": "breastfeeding",
  "MessageCount": 1,
  "SubscriptionCount": 408
},{
  "_id": {
    "$oid": "012ecab41a7e47a089be2068"
  },
  "Name": "Animewallpaper",
  "MessageCount": 1,
  "SubscriptionCount": 884
},{
  "_id": {
    "$oid": "9d0333ef6bf449c2980d57df"
  },
  "Name": "ar15",
  "MessageCount": 1,
  "SubscriptionCount": 995
},{
  "_id": {
    "$oid": "de43fd437f4141bf9a1b9fe6"
  },
  "Name": "TheWarZ",
  "MessageCount": 3,
  "SubscriptionCount": 590
},{
  "_id": {
    "$oid": "eabce85a1e8549daa02497b9"
  },
  "Name": "psbattleroyale",
  "MessageCount": 1,
  "SubscriptionCount": 313
},{
  "_id": {
    "$oid": "3b6b247761a148edbbd302db"
  },
  "Name": "Robocraft",
  "MessageCount": 1,
  "SubscriptionCount": 321
},{
  "_id": {
    "$oid": "3fbd221f0f384f92bef57569"
  },
  "Name": "Cartalk",
  "MessageCount": 1,
  "SubscriptionCount": 435
},{
  "_id": {
    "$oid": "608bf9822c744ee19e24c506"
  },
  "Name": "fireemblem",
  "MessageCount": 6,
  "SubscriptionCount": 58
},{
  "_id": {
    "$oid": "27dfaeb15e9e4e3bba33737f"
  },
  "Name": "gorillaz",
  "MessageCount": 1,
  "SubscriptionCount": 896
},{
  "_id": {
    "$oid": "7964a18c84d640929eb4856f"
  },
  "Name": "chemistry",
  "MessageCount": 1,
  "SubscriptionCount": 204
},{
  "_id": {
    "$oid": "b638b614add94c3b9d959bda"
  },
  "Name": "religion",
  "MessageCount": 1,
  "SubscriptionCount": 780
},{
  "_id": {
    "$oid": "718764b986e24c0b8dc9fcf0"
  },
  "Name": "feedthebeast",
  "MessageCount": 4,
  "SubscriptionCount": 944
},{
  "_id": {
    "$oid": "e49b7759717343c89d3c515f"
  },
  "Name": "marriedredpill",
  "MessageCount": 1,
  "SubscriptionCount": 55
},{
  "_id": {
    "$oid": "f866c17df974464c91a96337"
  },
  "Name": "UofT",
  "MessageCount": 2,
  "SubscriptionCount": 693
},{
  "_id": {
    "$oid": "ee304be1c7534c87944b192e"
  },
  "Name": "SRSAnime",
  "MessageCount": 1,
  "SubscriptionCount": 29
},{
  "_id": {
    "$oid": "fae82405fab944aab149221e"
  },
  "Name": "sanfrancisco",
  "MessageCount": 4,
  "SubscriptionCount": 697
},{
  "_id": {
    "$oid": "fe2b72c49bb3437f8e8e0e64"
  },
  "Name": "hordeguild",
  "MessageCount": 1,
  "SubscriptionCount": 738
},{
  "_id": {
    "$oid": "2275461091994b2c904ff03b"
  },
  "Name": "entwives",
  "MessageCount": 2,
  "SubscriptionCount": 249
},{
  "_id": {
    "$oid": "25d33465c64b4827959b48ba"
  },
  "Name": "TheLastAirbender",
  "MessageCount": 6,
  "SubscriptionCount": 212
},{
  "_id": {
    "$oid": "4c555a1215f84ea59773b532"
  },
  "Name": "ModernMagic",
  "MessageCount": 2,
  "SubscriptionCount": 17
},{
  "_id": {
    "$oid": "048c86cab81b402fb0228d79"
  },
  "Name": "DebateAnAtheist",
  "MessageCount": 7,
  "SubscriptionCount": 554
},{
  "_id": {
    "$oid": "b8527a35fd034ae190b84d81"
  },
  "Name": "SaltLakeCity",
  "MessageCount": 1,
  "SubscriptionCount": 110
},{
  "_id": {
    "$oid": "7b6ca807a95d4c249dca4646"
  },
  "Name": "WhatsInThisThing",
  "MessageCount": 1,
  "SubscriptionCount": 627
},{
  "_id": {
    "$oid": "2c3b09f29b464a6c8795aa58"
  },
  "Name": "WKU",
  "MessageCount": 2,
  "SubscriptionCount": 44
},{
  "_id": {
    "$oid": "2b60c8ad139e4c1f8fe8e3e6"
  },
  "Name": "Bad_Cop_No_Donut",
  "MessageCount": 1,
  "SubscriptionCount": 981
},{
  "_id": {
    "$oid": "f268ce302c6444cfbc06af4c"
  },
  "Name": "Frat",
  "MessageCount": 3,
  "SubscriptionCount": 186
},{
  "_id": {
    "$oid": "a18553b9a34243e6812c436b"
  },
  "Name": "GameDeals",
  "MessageCount": 7,
  "SubscriptionCount": 383
},{
  "_id": {
    "$oid": "5e9fe58ec8434508be2f672d"
  },
  "Name": "shutupandtakemymoney",
  "MessageCount": 2,
  "SubscriptionCount": 213
},{
  "_id": {
    "$oid": "77c41eb06b5c42df907e2fb9"
  },
  "Name": "secretsanta",
  "MessageCount": 1,
  "SubscriptionCount": 200
},{
  "_id": {
    "$oid": "3487b0744ef74690aeaff448"
  },
  "Name": "wolves",
  "MessageCount": 1,
  "SubscriptionCount": 478
},{
  "_id": {
    "$oid": "8a80c97058b04929a1857d53"
  },
  "Name": "treecomics",
  "MessageCount": 1,
  "SubscriptionCount": 505
},{
  "_id": {
    "$oid": "c9c6d68d656b4f6b852135a4"
  },
  "Name": "Sonsofanarchy",
  "MessageCount": 1,
  "SubscriptionCount": 758
},{
  "_id": {
    "$oid": "8d925c63e4b54c64bcd1b743"
  },
  "Name": "gamegrumps",
  "MessageCount": 4,
  "SubscriptionCount": 168
},{
  "_id": {
    "$oid": "6fed07a21fe846bf95293924"
  },
  "Name": "doctorwho",
  "MessageCount": 7,
  "SubscriptionCount": 181
},{
  "_id": {
    "$oid": "ff2d5b9fdb7945179b679e92"
  },
  "Name": "coupons",
  "MessageCount": 1,
  "SubscriptionCount": 591
},{
  "_id": {
    "$oid": "a39039b91a344b6aaebf5dd1"
  },
  "Name": "DetroitRedWings",
  "MessageCount": 1,
  "SubscriptionCount": 326
},{
  "_id": {
    "$oid": "33a2ad8d509b4801b46c4d5f"
  },
  "Name": "exmormon",
  "MessageCount": 10,
  "SubscriptionCount": 729
},{
  "_id": {
    "$oid": "d1fe3a4244f04f9983df3b4a"
  },
  "Name": "buildapcforme",
  "MessageCount": 1,
  "SubscriptionCount": 604
},{
  "_id": {
    "$oid": "420912c6175d43108bdb58a1"
  },
  "Name": "bapcsalescanada",
  "MessageCount": 1,
  "SubscriptionCount": 120
},{
  "_id": {
    "$oid": "c870b72b8c434cafa8512675"
  },
  "Name": "Autoflowers",
  "MessageCount": 1,
  "SubscriptionCount": 55
},{
  "_id": {
    "$oid": "e6a823b0fcf4448cab0ae457"
  },
  "Name": "Philippines",
  "MessageCount": 7,
  "SubscriptionCount": 624
},{
  "_id": {
    "$oid": "dd43fdb8245a429988eccfac"
  },
  "Name": "mallninjashit",
  "MessageCount": 1,
  "SubscriptionCount": 40
},{
  "_id": {
    "$oid": "511765bedc69497db902b34e"
  },
  "Name": "flint",
  "MessageCount": 1,
  "SubscriptionCount": 573
},{
  "_id": {
    "$oid": "95f65fffcbca43adadf5b930"
  },
  "Name": "iosgaming",
  "MessageCount": 1,
  "SubscriptionCount": 246
},{
  "_id": {
    "$oid": "b450b8acab874dae85e40251"
  },
  "Name": "Winnipeg",
  "MessageCount": 3,
  "SubscriptionCount": 718
},{
  "_id": {
    "$oid": "772b19b68486450c88d3fb5e"
  },
  "Name": "telescopes",
  "MessageCount": 1,
  "SubscriptionCount": 91
},{
  "_id": {
    "$oid": "8a40869c531a450b9e62237d"
  },
  "Name": "magicTCG",
  "MessageCount": 42,
  "SubscriptionCount": 473
},{
  "_id": {
    "$oid": "613291978016436fb92131b4"
  },
  "Name": "IT_CERT_STUDY",
  "MessageCount": 1,
  "SubscriptionCount": 961
},{
  "_id": {
    "$oid": "8dad7debc71e40748dfb50cd"
  },
  "Name": "snowboarding",
  "MessageCount": 1,
  "SubscriptionCount": 374
},{
  "_id": {
    "$oid": "b0d896a4a5a84e7ab509c7cf"
  },
  "Name": "AppalachianTrail",
  "MessageCount": 1,
  "SubscriptionCount": 58
},{
  "_id": {
    "$oid": "80eb4b7a35b646508f8ff462"
  },
  "Name": "Alabama",
  "MessageCount": 2,
  "SubscriptionCount": 713
},{
  "_id": {
    "$oid": "d1dabead18e44c8b9e24efd1"
  },
  "Name": "cordcutters",
  "MessageCount": 2,
  "SubscriptionCount": 954
},{
  "_id": {
    "$oid": "067509c6b85244498d15d546"
  },
  "Name": "programming",
  "MessageCount": 18,
  "SubscriptionCount": 68
},{
  "_id": {
    "$oid": "acea4cc558a544ac87877484"
  },
  "Name": "autism",
  "MessageCount": 1,
  "SubscriptionCount": 315
},{
  "_id": {
    "$oid": "d020a3f469784ba8bb95631d"
  },
  "Name": "vegas",
  "MessageCount": 2,
  "SubscriptionCount": 156
},{
  "_id": {
    "$oid": "f146aede358b470ab9ad201d"
  },
  "Name": "ireland",
  "MessageCount": 1,
  "SubscriptionCount": 801
},{
  "_id": {
    "$oid": "cb9dbd681b4441c6a84f24ed"
  },
  "Name": "travel",
  "MessageCount": 4,
  "SubscriptionCount": 803
},{
  "_id": {
    "$oid": "cd3acb4b4b9f4afb9cab2836"
  },
  "Name": "KitchenConfidential",
  "MessageCount": 1,
  "SubscriptionCount": 488
},{
  "_id": {
    "$oid": "94b6a7e0f89645c795b17cb4"
  },
  "Name": "aquaponics",
  "MessageCount": 1,
  "SubscriptionCount": 204
},{
  "_id": {
    "$oid": "bfeecb9d519243fea279bb33"
  },
  "Name": "ronpaul",
  "MessageCount": 2,
  "SubscriptionCount": 166
},{
  "_id": {
    "$oid": "8edc742e69934fe581f9474e"
  },
  "Name": "FIU",
  "MessageCount": 1,
  "SubscriptionCount": 521
},{
  "_id": {
    "$oid": "dc768b24105c4d5493ecd43f"
  },
  "Name": "collapse",
  "MessageCount": 3,
  "SubscriptionCount": 801
},{
  "_id": {
    "$oid": "412df11f278745b59dce3f84"
  },
  "Name": "Twitch",
  "MessageCount": 4,
  "SubscriptionCount": 666
},{
  "_id": {
    "$oid": "c3774b1ae8e44944a94e56b6"
  },
  "Name": "NYKnicks",
  "MessageCount": 2,
  "SubscriptionCount": 809
},{
  "_id": {
    "$oid": "51f6ef4ccf7c41f8a9ead2af"
  },
  "Name": "minerapocalypse",
  "MessageCount": 1,
  "SubscriptionCount": 2
},{
  "_id": {
    "$oid": "73d60474db9c45668d3f63cb"
  },
  "Name": "bugout",
  "MessageCount": 1,
  "SubscriptionCount": 623
},{
  "_id": {
    "$oid": "a17916e8fd574f34af5ec0ce"
  },
  "Name": "rage",
  "MessageCount": 2,
  "SubscriptionCount": 797
},{
  "_id": {
    "$oid": "3c89fb2cf33e4e03ae5d2abb"
  },
  "Name": "TellMeAbout",
  "MessageCount": 1,
  "SubscriptionCount": 774
},{
  "_id": {
    "$oid": "c8a1eedd2b4b411b91a46a58"
  },
  "Name": "mentalhealth",
  "MessageCount": 1,
  "SubscriptionCount": 941
},{
  "_id": {
    "$oid": "9009c14a8abc42ed9e7f08f5"
  },
  "Name": "metalmusicians",
  "MessageCount": 1,
  "SubscriptionCount": 766
},{
  "_id": {
    "$oid": "1c728eae07f74f61a2d6a5e8"
  },
  "Name": "Brooklyn",
  "MessageCount": 1,
  "SubscriptionCount": 600
},{
  "_id": {
    "$oid": "adcd5ab0d11d48d2a96192ab"
  },
  "Name": "teenrelationships",
  "MessageCount": 2,
  "SubscriptionCount": 170
},{
  "_id": {
    "$oid": "199452c22f414760a2ea15fc"
  },
  "Name": "RotMG",
  "MessageCount": 3,
  "SubscriptionCount": 376
},{
  "_id": {
    "$oid": "d046874aaa884243a0714456"
  },
  "Name": "PipeTobacco",
  "MessageCount": 1,
  "SubscriptionCount": 320
},{
  "_id": {
    "$oid": "2d6d8c5a4b7841a19278e238"
  },
  "Name": "LambdaConspiracies",
  "MessageCount": 1,
  "SubscriptionCount": 876
},{
  "_id": {
    "$oid": "59b1a8e6927f49f5aa94a275"
  },
  "Name": "classicrage",
  "MessageCount": 1,
  "SubscriptionCount": 370
},{
  "_id": {
    "$oid": "13cfebac7d184535b96c0853"
  },
  "Name": "Miata",
  "MessageCount": 1,
  "SubscriptionCount": 418
},{
  "_id": {
    "$oid": "3bfd8786e2444b79a3292cba"
  },
  "Name": "ffxi",
  "MessageCount": 2,
  "SubscriptionCount": 272
},{
  "_id": {
    "$oid": "de73d15c9e124b779f255508"
  },
  "Name": "TheOriginals",
  "MessageCount": 1,
  "SubscriptionCount": 720
},{
  "_id": {
    "$oid": "6284b89b4c6a4b0b95e44aaf"
  },
  "Name": "Debate",
  "MessageCount": 1,
  "SubscriptionCount": 430
},{
  "_id": {
    "$oid": "e367dac55a7441579f3e2b4f"
  },
  "Name": "apolloapp",
  "MessageCount": 1,
  "SubscriptionCount": 11
},{
  "_id": {
    "$oid": "21a174a7b3c04302b5826e37"
  },
  "Name": "fffffffuuuuuuuuuuuu",
  "MessageCount": 43,
  "SubscriptionCount": 27
},{
  "_id": {
    "$oid": "0ed2c26be1274672bd1d9506"
  },
  "Name": "worldnews",
  "MessageCount": 105,
  "SubscriptionCount": 522
},{
  "_id": {
    "$oid": "fb6fe188bcc5400ba946c865"
  },
  "Name": "infj",
  "MessageCount": 1,
  "SubscriptionCount": 962
},{
  "_id": {
    "$oid": "ee012d6544064082a156efe7"
  },
  "Name": "sociology",
  "MessageCount": 1,
  "SubscriptionCount": 118
},{
  "_id": {
    "$oid": "d87ce6a0e03c4e0c9625fe3d"
  },
  "Name": "IWantToLearn",
  "MessageCount": 6,
  "SubscriptionCount": 838
},{
  "_id": {
    "$oid": "08170b23cc774ddbb719e565"
  },
  "Name": "mlb",
  "MessageCount": 2,
  "SubscriptionCount": 76
},{
  "_id": {
    "$oid": "34e5f27195da4264a1ff039e"
  },
  "Name": "publichealth",
  "MessageCount": 1,
  "SubscriptionCount": 608
},{
  "_id": {
    "$oid": "0ad7c2b7976740f198c51cbb"
  },
  "Name": "puppy101",
  "MessageCount": 1,
  "SubscriptionCount": 977
},{
  "_id": {
    "$oid": "b1f504d668534634be6b284e"
  },
  "Name": "Tetris",
  "MessageCount": 1,
  "SubscriptionCount": 755
},{
  "_id": {
    "$oid": "9bb68a4cdc214c419f9c2349"
  },
  "Name": "vaporents",
  "MessageCount": 2,
  "SubscriptionCount": 341
},{
  "_id": {
    "$oid": "123711490b6a4955b6e0018d"
  },
  "Name": "AirForce",
  "MessageCount": 2,
  "SubscriptionCount": 871
},{
  "_id": {
    "$oid": "aa8defece2ff4de28a0fc6ed"
  },
  "Name": "needadvice",
  "MessageCount": 1,
  "SubscriptionCount": 60
},{
  "_id": {
    "$oid": "745e0a984b484eceae7a19d7"
  },
  "Name": "sandiego",
  "MessageCount": 2,
  "SubscriptionCount": 220
},{
  "_id": {
    "$oid": "22ba257505414384a326c4f1"
  },
  "Name": "TTC30",
  "MessageCount": 1,
  "SubscriptionCount": 590
},{
  "_id": {
    "$oid": "ca9933572cbc4554a5b94a24"
  },
  "Name": "laptops",
  "MessageCount": 1,
  "SubscriptionCount": 86
},{
  "_id": {
    "$oid": "481671d172334f3d869ff2d3"
  },
  "Name": "DestructionPorn",
  "MessageCount": 1,
  "SubscriptionCount": 564
},{
  "_id": {
    "$oid": "912d4cf7d4cd4f49b0488b6e"
  },
  "Name": "Bravenewbies",
  "MessageCount": 4,
  "SubscriptionCount": 577
},{
  "_id": {
    "$oid": "d0251cad0958473883c4a6fb"
  },
  "Name": "preppers",
  "MessageCount": 1,
  "SubscriptionCount": 129
},{
  "_id": {
    "$oid": "20349faa842c4a01947f10dd"
  },
  "Name": "Naruto",
  "MessageCount": 2,
  "SubscriptionCount": 964
},{
  "_id": {
    "$oid": "786f095f9c724edabfa5b0ac"
  },
  "Name": "Volkswagen",
  "MessageCount": 1,
  "SubscriptionCount": 121
},{
  "_id": {
    "$oid": "f9b5d74a9e2d419295bc3a49"
  },
  "Name": "leafs",
  "MessageCount": 3,
  "SubscriptionCount": 536
},{
  "_id": {
    "$oid": "64a7abb7fd4344a9aa347434"
  },
  "Name": "TheMentalist",
  "MessageCount": 1,
  "SubscriptionCount": 772
},{
  "_id": {
    "$oid": "12aa71dcfbdd414cb8c2a082"
  },
  "Name": "NoFap",
  "MessageCount": 9,
  "SubscriptionCount": 687
},{
  "_id": {
    "$oid": "b608cc4e295640d2b80f5fa7"
  },
  "Name": "Mabinogi",
  "MessageCount": 1,
  "SubscriptionCount": 883
},{
  "_id": {
    "$oid": "5d2ff4c8a35f4f15b863c218"
  },
  "Name": "nononono",
  "MessageCount": 1,
  "SubscriptionCount": 350
},{
  "_id": {
    "$oid": "c294a2f1e37c4c40846b68b6"
  },
  "Name": "CFB",
  "MessageCount": 30,
  "SubscriptionCount": 652
},{
  "_id": {
    "$oid": "1a17c25fb2a447f3bb4afaa4"
  },
  "Name": "Pillarchy",
  "MessageCount": 1,
  "SubscriptionCount": 68
},{
  "_id": {
    "$oid": "c28fb7320e5c4811be6a92ee"
  },
  "Name": "SCP",
  "MessageCount": 1,
  "SubscriptionCount": 389
},{
  "_id": {
    "$oid": "ae61706e7a484479929de7d7"
  },
  "Name": "ClubNintendoTrade",
  "MessageCount": 1,
  "SubscriptionCount": 4
},{
  "_id": {
    "$oid": "73ef824356cc4b4bb17b021d"
  },
  "Name": "creepyPMs",
  "MessageCount": 4,
  "SubscriptionCount": 322
},{
  "_id": {
    "$oid": "d35398e1b2594dbcb77217dd"
  },
  "Name": "WarriorCats",
  "MessageCount": 1,
  "SubscriptionCount": 922
},{
  "_id": {
    "$oid": "ab382186b0dc48aa9e1de3f9"
  },
  "Name": "exjw",
  "MessageCount": 7,
  "SubscriptionCount": 81
},{
  "_id": {
    "$oid": "d029857fe47a40fd8bef0369"
  },
  "Name": "masseffect",
  "MessageCount": 9,
  "SubscriptionCount": 529
},{
  "_id": {
    "$oid": "5e73d13bb951438897713170"
  },
  "Name": "perfectloops",
  "MessageCount": 1,
  "SubscriptionCount": 532
},{
  "_id": {
    "$oid": "5b0681b8d590417880051464"
  },
  "Name": "EA_FIFA",
  "MessageCount": 1,
  "SubscriptionCount": 539
},{
  "_id": {
    "$oid": "626005e1307e4bfb9e13ad7d"
  },
  "Name": "GrandTheftAutoV",
  "MessageCount": 6,
  "SubscriptionCount": 103
},{
  "_id": {
    "$oid": "41fd8f71114e4edd8eece04d"
  },
  "Name": "gaysian",
  "MessageCount": 1,
  "SubscriptionCount": 553
},{
  "_id": {
    "$oid": "c7c09aea0de34102b17a87c0"
  },
  "Name": "MtF",
  "MessageCount": 1,
  "SubscriptionCount": 297
},{
  "_id": {
    "$oid": "cd0b0fae7b9c4002b5536c04"
  },
  "Name": "Meteor",
  "MessageCount": 1,
  "SubscriptionCount": 672
},{
  "_id": {
    "$oid": "c75116d1e4e4463ea9f283a2"
  },
  "Name": "airsoftmarket",
  "MessageCount": 1,
  "SubscriptionCount": 800
},{
  "_id": {
    "$oid": "fd9aa55ec5d24a899231d85d"
  },
  "Name": "misfitstv",
  "MessageCount": 1,
  "SubscriptionCount": 129
},{
  "_id": {
    "$oid": "f3ace30de1a24472a77b10f6"
  },
  "Name": "weddingplanning",
  "MessageCount": 3,
  "SubscriptionCount": 469
},{
  "_id": {
    "$oid": "1188f14506704a50a8d15a10"
  },
  "Name": "homeowners",
  "MessageCount": 1,
  "SubscriptionCount": 390
},{
  "_id": {
    "$oid": "aecbb4cf66bf434f87492bd2"
  },
  "Name": "Economics",
  "MessageCount": 25,
  "SubscriptionCount": 741
},{
  "_id": {
    "$oid": "0e9db3442b9d409cb29f2170"
  },
  "Name": "firstworldproblems",
  "MessageCount": 1,
  "SubscriptionCount": 519
},{
  "_id": {
    "$oid": "2af8ee7d7868474c91e4c8ab"
  },
  "Name": "Gundam",
  "MessageCount": 1,
  "SubscriptionCount": 578
},{
  "_id": {
    "$oid": "4ebc187c850a44fe9a82e87e"
  },
  "Name": "nintendo",
  "MessageCount": 3,
  "SubscriptionCount": 544
},{
  "_id": {
    "$oid": "be49da25d9de489c8bd59009"
  },
  "Name": "zelda",
  "MessageCount": 8,
  "SubscriptionCount": 925
},{
  "_id": {
    "$oid": "22ca3184a320499b8bc1f32b"
  },
  "Name": "Gameboy",
  "MessageCount": 1,
  "SubscriptionCount": 410
},{
  "_id": {
    "$oid": "99071dfcceee403b996158ea"
  },
  "Name": "Edmonton",
  "MessageCount": 1,
  "SubscriptionCount": 20
},{
  "_id": {
    "$oid": "0fa4dc77b50e40d6ac07ee89"
  },
  "Name": "LARP",
  "MessageCount": 1,
  "SubscriptionCount": 381
},{
  "_id": {
    "$oid": "43d7333523e84d35acc07d96"
  },
  "Name": "apathy",
  "MessageCount": 1,
  "SubscriptionCount": 782
},{
  "_id": {
    "$oid": "c2691fc5005745528ad1c27b"
  },
  "Name": "Hunting",
  "MessageCount": 2,
  "SubscriptionCount": 808
},{
  "_id": {
    "$oid": "404e97c98d474e499c160263"
  },
  "Name": "AbandonedPorn",
  "MessageCount": 1,
  "SubscriptionCount": 916
},{
  "_id": {
    "$oid": "f1bef4de88114f4ab837ae31"
  },
  "Name": "Bombing",
  "MessageCount": 1,
  "SubscriptionCount": 401
},{
  "_id": {
    "$oid": "2c091cd2a2774818b13f299b"
  },
  "Name": "BubbleHash",
  "MessageCount": 1,
  "SubscriptionCount": 691
},{
  "_id": {
    "$oid": "c2356dde3b2c4c4cbd40f535"
  },
  "Name": "TaylorSwift",
  "MessageCount": 1,
  "SubscriptionCount": 480
},{
  "_id": {
    "$oid": "bdd6fb0bf7ef49958890e03b"
  },
  "Name": "Sacramento",
  "MessageCount": 1,
  "SubscriptionCount": 329
},{
  "_id": {
    "$oid": "3af3b71d192c4e97aca66031"
  },
  "Name": "GreenBayPackers",
  "MessageCount": 2,
  "SubscriptionCount": 769
},{
  "_id": {
    "$oid": "2bbefd11397b4f3894fdb3e3"
  },
  "Name": "Showerthoughts",
  "MessageCount": 9,
  "SubscriptionCount": 197
},{
  "_id": {
    "$oid": "f6469eeb2ffd430c92f6ec51"
  },
  "Name": "Poetry",
  "MessageCount": 1,
  "SubscriptionCount": 364
},{
  "_id": {
    "$oid": "ac2cf7a6ce2a4605af1d34a5"
  },
  "Name": "legaladvice",
  "MessageCount": 7,
  "SubscriptionCount": 448
},{
  "_id": {
    "$oid": "9ca357d4b44845229b163578"
  },
  "Name": "MyLittleSupportGroup",
  "MessageCount": 1,
  "SubscriptionCount": 962
},{
  "_id": {
    "$oid": "eaaa0cddf1b44c9389676d3a"
  },
  "Name": "singapore",
  "MessageCount": 2,
  "SubscriptionCount": 237
},{
  "_id": {
    "$oid": "39885c5faf124bf58603ccd8"
  },
  "Name": "CODZombies",
  "MessageCount": 2,
  "SubscriptionCount": 826
},{
  "_id": {
    "$oid": "c315985a948242b7ba170bca"
  },
  "Name": "CrappyDesign",
  "MessageCount": 1,
  "SubscriptionCount": 477
},{
  "_id": {
    "$oid": "d770cf760a7743cba7de4208"
  },
  "Name": "classicalmusic",
  "MessageCount": 1,
  "SubscriptionCount": 865
},{
  "_id": {
    "$oid": "dcbfd42f19fe47b2bab1a674"
  },
  "Name": "hcfactions",
  "MessageCount": 1,
  "SubscriptionCount": 487
},{
  "_id": {
    "$oid": "8dd8c78d3dc14cbeb60d62a5"
  },
  "Name": "TumblrInAction",
  "MessageCount": 24,
  "SubscriptionCount": 252
},{
  "_id": {
    "$oid": "8d5fb088a83a4876be7cd8f5"
  },
  "Name": "entertainment",
  "MessageCount": 6,
  "SubscriptionCount": 115
},{
  "_id": {
    "$oid": "103017af2db54d7fb86ec614"
  },
  "Name": "MakeupAddiction",
  "MessageCount": 8,
  "SubscriptionCount": 171
},{
  "_id": {
    "$oid": "e5360099cf734a7bb82b5521"
  },
  "Name": "VOIP",
  "MessageCount": 1,
  "SubscriptionCount": 277
},{
  "_id": {
    "$oid": "9e861265468c4e45a43c3595"
  },
  "Name": "boston",
  "MessageCount": 4,
  "SubscriptionCount": 224
},{
  "_id": {
    "$oid": "71793d5ebc1a4d6daca1934b"
  },
  "Name": "argentina",
  "MessageCount": 4,
  "SubscriptionCount": 897
},{
  "_id": {
    "$oid": "974071bc521a4db6959ea486"
  },
  "Name": "Cockatrice",
  "MessageCount": 1,
  "SubscriptionCount": 264
},{
  "_id": {
    "$oid": "75cda7247ecc465d97960bbd"
  },
  "Name": "borussiadortmund",
  "MessageCount": 1,
  "SubscriptionCount": 319
},{
  "_id": {
    "$oid": "cc137feaca72494a8e9d667a"
  },
  "Name": "dragonage",
  "MessageCount": 3,
  "SubscriptionCount": 543
},{
  "_id": {
    "$oid": "5f492eda81454bdab317e544"
  },
  "Name": "girlsinyogapants",
  "MessageCount": 1,
  "SubscriptionCount": 380
},{
  "_id": {
    "$oid": "ae510e6e0bac434889056c6e"
  },
  "Name": "PS4",
  "MessageCount": 10,
  "SubscriptionCount": 934
},{
  "_id": {
    "$oid": "2e3f224f88fd4b0ab18f4fb4"
  },
  "Name": "PoliticalHumor",
  "MessageCount": 2,
  "SubscriptionCount": 351
},{
  "_id": {
    "$oid": "85d88612b3a94295a346a930"
  },
  "Name": "bleachshirts",
  "MessageCount": 1,
  "SubscriptionCount": 350
},{
  "_id": {
    "$oid": "c155bad8972f405cb3f9b2f6"
  },
  "Name": "freemasonry",
  "MessageCount": 1,
  "SubscriptionCount": 325
},{
  "_id": {
    "$oid": "7b779014fe1f4dbb9bf99fa3"
  },
  "Name": "golf",
  "MessageCount": 3,
  "SubscriptionCount": 938
},{
  "_id": {
    "$oid": "b5afcd681ef54d8ea470fa19"
  },
  "Name": "Torchlight",
  "MessageCount": 4,
  "SubscriptionCount": 423
},{
  "_id": {
    "$oid": "85d4c89c565c4abeb4428dc2"
  },
  "Name": "NAU",
  "MessageCount": 1,
  "SubscriptionCount": 714
},{
  "_id": {
    "$oid": "1fe72f79a2274a949735faab"
  },
  "Name": "Republican",
  "MessageCount": 1,
  "SubscriptionCount": 402
},{
  "_id": {
    "$oid": "7da348d3ece44b6cb2ff9b12"
  },
  "Name": "DebateReligion",
  "MessageCount": 15,
  "SubscriptionCount": 169
},{
  "_id": {
    "$oid": "da82045765794cf7a6fd59fe"
  },
  "Name": "polandball",
  "MessageCount": 1,
  "SubscriptionCount": 379
},{
  "_id": {
    "$oid": "eb64dc2f53ec45c7a693230d"
  },
  "Name": "DeepSpaceNine",
  "MessageCount": 1,
  "SubscriptionCount": 785
},{
  "_id": {
    "$oid": "1d460ed777fa47deac65814e"
  },
  "Name": "riddles",
  "MessageCount": 1,
  "SubscriptionCount": 362
},{
  "_id": {
    "$oid": "cf0ae8217e1a4bffb154db9d"
  },
  "Name": "coredump",
  "MessageCount": 1,
  "SubscriptionCount": 391
},{
  "_id": {
    "$oid": "3617e02e14d742ec8efbb74d"
  },
  "Name": "funny",
  "MessageCount": 172,
  "SubscriptionCount": 251
},{
  "_id": {
    "$oid": "c4908b61889c44c18da257f0"
  },
  "Name": "mildlyinteresting",
  "MessageCount": 6,
  "SubscriptionCount": 225
},{
  "_id": {
    "$oid": "dff3531c685440f4b8452322"
  },
  "Name": "LGBTOpenModmail",
  "MessageCount": 1,
  "SubscriptionCount": 513
},{
  "_id": {
    "$oid": "799eff9209644fecb16ef1d9"
  },
  "Name": "Trove",
  "MessageCount": 2,
  "SubscriptionCount": 288
},{
  "_id": {
    "$oid": "f2d0582449274fbfafd2d223"
  },
  "Name": "backwardsmusic",
  "MessageCount": 1,
  "SubscriptionCount": 171
},{
  "_id": {
    "$oid": "3956c7deb7f9442ebd4fa65e"
  },
  "Name": "UnsentLetters",
  "MessageCount": 1,
  "SubscriptionCount": 717
},{
  "_id": {
    "$oid": "70c8769fe7bf49b5b326bc04"
  },
  "Name": "homestead",
  "MessageCount": 1,
  "SubscriptionCount": 728
},{
  "_id": {
    "$oid": "f5c939b61d5c4be19074252e"
  },
  "Name": "england",
  "MessageCount": 1,
  "SubscriptionCount": 762
},{
  "_id": {
    "$oid": "feda470aa76f450ba80407bb"
  },
  "Name": "firefall",
  "MessageCount": 1,
  "SubscriptionCount": 666
},{
  "_id": {
    "$oid": "d65e6f73f4ec49d58ed70a58"
  },
  "Name": "FindTheOthers",
  "MessageCount": 1,
  "SubscriptionCount": 255
},{
  "_id": {
    "$oid": "a4a425f0cc5448f2b7c366a3"
  },
  "Name": "Warframe",
  "MessageCount": 12,
  "SubscriptionCount": 642
},{
  "_id": {
    "$oid": "8b89e8eded144e5c86eecd11"
  },
  "Name": "css",
  "MessageCount": 2,
  "SubscriptionCount": 59
},{
  "_id": {
    "$oid": "382e0d80f3cc48e6b06f58b0"
  },
  "Name": "Yogscast",
  "MessageCount": 2,
  "SubscriptionCount": 158
},{
  "_id": {
    "$oid": "357c1cb65090468ea245c161"
  },
  "Name": "arma",
  "MessageCount": 3,
  "SubscriptionCount": 352
},{
  "_id": {
    "$oid": "892f919d4fd847b993c73f5e"
  },
  "Name": "NEPA",
  "MessageCount": 1,
  "SubscriptionCount": 710
},{
  "_id": {
    "$oid": "bd835b500ad3499aaf3d4ce0"
  },
  "Name": "MW2",
  "MessageCount": 1,
  "SubscriptionCount": 849
},{
  "_id": {
    "$oid": "870509de585b46a490d0d3ae"
  },
  "Name": "TeenMFA",
  "MessageCount": 1,
  "SubscriptionCount": 567
},{
  "_id": {
    "$oid": "5807e7a667eb43e0b24ad244"
  },
  "Name": "gentlemanboners",
  "MessageCount": 1,
  "SubscriptionCount": 30
},{
  "_id": {
    "$oid": "d4a877c46cf041ec891fc279"
  },
  "Name": "bipolar",
  "MessageCount": 3,
  "SubscriptionCount": 787
},{
  "_id": {
    "$oid": "ece62a00ba124cb2b6815cfc"
  },
  "Name": "lifehacks",
  "MessageCount": 3,
  "SubscriptionCount": 524
},{
  "_id": {
    "$oid": "f112d3d479c04bc7b78877dd"
  },
  "Name": "sharedota2",
  "MessageCount": 1,
  "SubscriptionCount": 676
},{
  "_id": {
    "$oid": "8ec90cbf42f04a25964c9f3c"
  },
  "Name": "quityourbullshit",
  "MessageCount": 1,
  "SubscriptionCount": 9
},{
  "_id": {
    "$oid": "a46d21e6558d47548158daf4"
  },
  "Name": "Boxing",
  "MessageCount": 3,
  "SubscriptionCount": 242
},{
  "_id": {
    "$oid": "4200ddea14774b2eb404a3a6"
  },
  "Name": "FIFA",
  "MessageCount": 8,
  "SubscriptionCount": 427
},{
  "_id": {
    "$oid": "ee026d1db36d441ba83a2ca8"
  },
  "Name": "highersidechats",
  "MessageCount": 1,
  "SubscriptionCount": 566
},{
  "_id": {
    "$oid": "32a087a0da7146a1a4970b61"
  },
  "Name": "NoStupidQuestions",
  "MessageCount": 10,
  "SubscriptionCount": 795
},{
  "_id": {
    "$oid": "bae24efdddca4394abe13a55"
  },
  "Name": "incremental_games",
  "MessageCount": 2,
  "SubscriptionCount": 480
},{
  "_id": {
    "$oid": "2f0d22ec8c244f5b8b361a12"
  },
  "Name": "agnostic",
  "MessageCount": 3,
  "SubscriptionCount": 219
},{
  "_id": {
    "$oid": "d4d77da4a5f34a628cfb0816"
  },
  "Name": "minnesotavikings",
  "MessageCount": 1,
  "SubscriptionCount": 521
},{
  "_id": {
    "$oid": "51c641005d364de1b0f2d8bf"
  },
  "Name": "aoe2",
  "MessageCount": 1,
  "SubscriptionCount": 502
},{
  "_id": {
    "$oid": "11692f0166a1470f83788584"
  },
  "Name": "AskCulinary",
  "MessageCount": 7,
  "SubscriptionCount": 443
},{
  "_id": {
    "$oid": "259362e741b4409396f71d73"
  },
  "Name": "explainlikeIAmA",
  "MessageCount": 1,
  "SubscriptionCount": 946
},{
  "_id": {
    "$oid": "d4ea4c2e0e0e486481fb9015"
  },
  "Name": "Coffee",
  "MessageCount": 3,
  "SubscriptionCount": 353
},{
  "_id": {
    "$oid": "da641679fa844ceeb3910a00"
  },
  "Name": "Cleveland",
  "MessageCount": 1,
  "SubscriptionCount": 400
},{
  "_id": {
    "$oid": "62db0e8db4604247a76c1f70"
  },
  "Name": "Random_Acts_Of_Amazon",
  "MessageCount": 8,
  "SubscriptionCount": 524
},{
  "_id": {
    "$oid": "88eaa96cad2c49b09cae6741"
  },
  "Name": "tf2trade",
  "MessageCount": 4,
  "SubscriptionCount": 212
},{
  "_id": {
    "$oid": "140c6c928a34480bb9ff6e46"
  },
  "Name": "Screenwriting",
  "MessageCount": 1,
  "SubscriptionCount": 287
},{
  "_id": {
    "$oid": "78a08c2ba05d46c7a0935ed5"
  },
  "Name": "howtonotgiveafuck",
  "MessageCount": 2,
  "SubscriptionCount": 765
},{
  "_id": {
    "$oid": "061dda62cd42439c9850343c"
  },
  "Name": "Zune",
  "MessageCount": 1,
  "SubscriptionCount": 384
},{
  "_id": {
    "$oid": "43e2351a7013421bbbdf37ce"
  },
  "Name": "rct",
  "MessageCount": 1,
  "SubscriptionCount": 710
},{
  "_id": {
    "$oid": "f80126d49c9e4528ac52d20f"
  },
  "Name": "TruePokemon",
  "MessageCount": 1,
  "SubscriptionCount": 302
},{
  "_id": {
    "$oid": "25d2e6bb6fd14b56b691c16b"
  },
  "Name": "wii",
  "MessageCount": 1,
  "SubscriptionCount": 680
},{
  "_id": {
    "$oid": "24c0ddc8baf44ac1a1f0e43a"
  },
  "Name": "LawSchool",
  "MessageCount": 2,
  "SubscriptionCount": 935
},{
  "_id": {
    "$oid": "de5ff3d40e6b4a3da808298b"
  },
  "Name": "cars",
  "MessageCount": 21,
  "SubscriptionCount": 342
},{
  "_id": {
    "$oid": "8ebcbde95b734cc892668c85"
  },
  "Name": "islam",
  "MessageCount": 11,
  "SubscriptionCount": 754
},{
  "_id": {
    "$oid": "749649752ff144e9a73d496c"
  },
  "Name": "equalityissues",
  "MessageCount": 1,
  "SubscriptionCount": 259
},{
  "_id": {
    "$oid": "1c8a82220bb34fda8bbe4074"
  },
  "Name": "LiverpoolFC",
  "MessageCount": 3,
  "SubscriptionCount": 388
},{
  "_id": {
    "$oid": "04054a53157a4c55ba4a9cdd"
  },
  "Name": "FanTheories",
  "MessageCount": 2,
  "SubscriptionCount": 70
},{
  "_id": {
    "$oid": "3ef175ab17924bb29f37d85c"
  },
  "Name": "Physics",
  "MessageCount": 2,
  "SubscriptionCount": 283
},{
  "_id": {
    "$oid": "97586947bf094d6b841772f9"
  },
  "Name": "CrusaderKings",
  "MessageCount": 3,
  "SubscriptionCount": 39
},{
  "_id": {
    "$oid": "5c356057d2af48109bca3ea3"
  },
  "Name": "personalfinance",
  "MessageCount": 30,
  "SubscriptionCount": 690
},{
  "_id": {
    "$oid": "08a08807680046d09a4949e8"
  },
  "Name": "pitbulls",
  "MessageCount": 1,
  "SubscriptionCount": 4
},{
  "_id": {
    "$oid": "83f6805798c54047a1e7b398"
  },
  "Name": "medicine",
  "MessageCount": 2,
  "SubscriptionCount": 840
},{
  "_id": {
    "$oid": "f6bd4e5fc3b44a6cb88cf797"
  },
  "Name": "shadowofsurvival",
  "MessageCount": 1,
  "SubscriptionCount": 306
},{
  "_id": {
    "$oid": "cf9099e0d9a64be7b366bc9f"
  },
  "Name": "gadgets",
  "MessageCount": 4,
  "SubscriptionCount": 312
},{
  "_id": {
    "$oid": "5a1ff70380c34d9cb462f7c8"
  },
  "Name": "youtubecomments",
  "MessageCount": 1,
  "SubscriptionCount": 866
},{
  "_id": {
    "$oid": "e84f0a0e2623497c8ff66d1c"
  },
  "Name": "DippingTobacco",
  "MessageCount": 1,
  "SubscriptionCount": 41
},{
  "_id": {
    "$oid": "2ce19e03c087478ea422d94a"
  },
  "Name": "hacking",
  "MessageCount": 1,
  "SubscriptionCount": 774
},{
  "_id": {
    "$oid": "09ab6209f3bc4d08a3fb4a02"
  },
  "Name": "ecology",
  "MessageCount": 1,
  "SubscriptionCount": 157
},{
  "_id": {
    "$oid": "41b9ac53ec2643c4bf7e605b"
  },
  "Name": "debian",
  "MessageCount": 1,
  "SubscriptionCount": 872
},{
  "_id": {
    "$oid": "16a7b8f807674f37910451ba"
  },
  "Name": "runescape",
  "MessageCount": 11,
  "SubscriptionCount": 272
},{
  "_id": {
    "$oid": "944ac30e9965484fadb8eb19"
  },
  "Name": "CODGhosts",
  "MessageCount": 1,
  "SubscriptionCount": 109
},{
  "_id": {
    "$oid": "91abaabe62174e6e861deebc"
  },
  "Name": "rape",
  "MessageCount": 1,
  "SubscriptionCount": 103
},{
  "_id": {
    "$oid": "6b26a96e06204dcda981365d"
  },
  "Name": "photocritique",
  "MessageCount": 1,
  "SubscriptionCount": 710
},{
  "_id": {
    "$oid": "fcb4325c9169443aaf178357"
  },
  "Name": "phoenix",
  "MessageCount": 1,
  "SubscriptionCount": 553
},{
  "_id": {
    "$oid": "f3343ede88274285ba60a6ed"
  },
  "Name": "newhampshire",
  "MessageCount": 1,
  "SubscriptionCount": 411
},{
  "_id": {
    "$oid": "cca3257252a947ddb5b814f1"
  },
  "Name": "offmychest",
  "MessageCount": 7,
  "SubscriptionCount": 913
},{
  "_id": {
    "$oid": "a0608a81338149468c20b6a7"
  },
  "Name": "wikipedia",
  "MessageCount": 2,
  "SubscriptionCount": 102
},{
  "_id": {
    "$oid": "cc998ba9d0d042498a2df25a"
  },
  "Name": "SkincareAddiction",
  "MessageCount": 3,
  "SubscriptionCount": 213
},{
  "_id": {
    "$oid": "c49b6a2410e0443b9032e5b3"
  },
  "Name": "paintball",
  "MessageCount": 3,
  "SubscriptionCount": 482
},{
  "_id": {
    "$oid": "a68bae7ef5ec492bb1756abb"
  },
  "Name": "beer",
  "MessageCount": 3,
  "SubscriptionCount": 23
},{
  "_id": {
    "$oid": "cb9453ee50bd47ebaf78af8e"
  },
  "Name": "PostCollapse",
  "MessageCount": 1,
  "SubscriptionCount": 200
},{
  "_id": {
    "$oid": "57203826bd9d4c81aed02072"
  },
  "Name": "wargame",
  "MessageCount": 1,
  "SubscriptionCount": 164
},{
  "_id": {
    "$oid": "3b37ed6c8dc9417dbfd7420e"
  },
  "Name": "LifeProTips",
  "MessageCount": 18,
  "SubscriptionCount": 326
},{
  "_id": {
    "$oid": "f5a7467704484a42b174eea4"
  },
  "Name": "MorbidReality",
  "MessageCount": 7,
  "SubscriptionCount": 145
},{
  "_id": {
    "$oid": "ef057bb7baaf4387bcbec0d8"
  },
  "Name": "KerbalSpaceProgram",
  "MessageCount": 11,
  "SubscriptionCount": 362
},{
  "_id": {
    "$oid": "d8a0ad2554c944469163436c"
  },
  "Name": "chrome",
  "MessageCount": 1,
  "SubscriptionCount": 636
},{
  "_id": {
    "$oid": "60728467da0b40f5ad4c9f12"
  },
  "Name": "uwo",
  "MessageCount": 2,
  "SubscriptionCount": 194
},{
  "_id": {
    "$oid": "a3c05f3290614dea94dcb59e"
  },
  "Name": "3DS",
  "MessageCount": 4,
  "SubscriptionCount": 58
},{
  "_id": {
    "$oid": "7dc8149c21c94bbda76d8904"
  },
  "Name": "Cascadia",
  "MessageCount": 1,
  "SubscriptionCount": 100
},{
  "_id": {
    "$oid": "b604da26c0e14ae29988a302"
  },
  "Name": "NCSU",
  "MessageCount": 1,
  "SubscriptionCount": 864
},{
  "_id": {
    "$oid": "ea7b907af903415894c571e9"
  },
  "Name": "SEO",
  "MessageCount": 1,
  "SubscriptionCount": 803
},{
  "_id": {
    "$oid": "52ab43ee67394c32a27e1a9d"
  },
  "Name": "vim",
  "MessageCount": 1,
  "SubscriptionCount": 282
},{
  "_id": {
    "$oid": "bb94467ea89e49d5a0db5969"
  },
  "Name": "army",
  "MessageCount": 2,
  "SubscriptionCount": 590
},{
  "_id": {
    "$oid": "4a2e114f38204382b5118e67"
  },
  "Name": "BSG",
  "MessageCount": 1,
  "SubscriptionCount": 777
},{
  "_id": {
    "$oid": "65032b6934354ebaa100903d"
  },
  "Name": "Chattanooga",
  "MessageCount": 1,
  "SubscriptionCount": 722
},{
  "_id": {
    "$oid": "b12782b31384434eb0a8e73c"
  },
  "Name": "brushlessgimbals",
  "MessageCount": 1,
  "SubscriptionCount": 756
},{
  "_id": {
    "$oid": "23f03ac3e3e5490780b3a423"
  },
  "Name": "Aleague",
  "MessageCount": 1,
  "SubscriptionCount": 783
},{
  "_id": {
    "$oid": "5d68f6c136d24c6ca6b2d857"
  },
  "Name": "recht",
  "MessageCount": 1,
  "SubscriptionCount": 522
},{
  "_id": {
    "$oid": "5d542d336b6b43dd8732063e"
  },
  "Name": "baylor",
  "MessageCount": 1,
  "SubscriptionCount": 662
},{
  "_id": {
    "$oid": "ce5937441f7f4e5092089c60"
  },
  "Name": "linux4noobs",
  "MessageCount": 1,
  "SubscriptionCount": 85
},{
  "_id": {
    "$oid": "ff96f886968b4cb292ec7b6e"
  },
  "Name": "EDC",
  "MessageCount": 1,
  "SubscriptionCount": 91
},{
  "_id": {
    "$oid": "56ec500af20f495486aab8dc"
  },
  "Name": "alpinism",
  "MessageCount": 1,
  "SubscriptionCount": 207
},{
  "_id": {
    "$oid": "b3f5038a8fc542dc9060567d"
  },
  "Name": "SSBM",
  "MessageCount": 3,
  "SubscriptionCount": 490
},{
  "_id": {
    "$oid": "9cb3c09a96e246cbb9aaaac3"
  },
  "Name": "EmeraldPS2",
  "MessageCount": 3,
  "SubscriptionCount": 829
},{
  "_id": {
    "$oid": "80f358fe8842497da9d29acd"
  },
  "Name": "FreeKarma",
  "MessageCount": 1,
  "SubscriptionCount": 563
},{
  "_id": {
    "$oid": "2ac3002f898a4ce08b72054f"
  },
  "Name": "ptsd",
  "MessageCount": 4,
  "SubscriptionCount": 740
},{
  "_id": {
    "$oid": "26709a243d1d49398d7b361f"
  },
  "Name": "latterdaysaints",
  "MessageCount": 2,
  "SubscriptionCount": 979
},{
  "_id": {
    "$oid": "be4e1d0464eb49bea0c38546"
  },
  "Name": "timberwolves",
  "MessageCount": 1,
  "SubscriptionCount": 90
},{
  "_id": {
    "$oid": "f273e7a0f51b4f5abc6848d7"
  },
  "Name": "Torontobluejays",
  "MessageCount": 1,
  "SubscriptionCount": 507
},{
  "_id": {
    "$oid": "01c9ce412b034e1580d71b8f"
  },
  "Name": "bigboobproblems",
  "MessageCount": 3,
  "SubscriptionCount": 578
},{
  "_id": {
    "$oid": "11070f2100f842cbad4ea1fc"
  },
  "Name": "linux",
  "MessageCount": 13,
  "SubscriptionCount": 239
},{
  "_id": {
    "$oid": "5f014098e6af41aabd6c6b84"
  },
  "Name": "opieandanthony",
  "MessageCount": 2,
  "SubscriptionCount": 933
},{
  "_id": {
    "$oid": "90b6ea11bbfe467f9879b1a9"
  },
  "Name": "SNSD",
  "MessageCount": 1,
  "SubscriptionCount": 818
},{
  "_id": {
    "$oid": "9e372cf8dc3f468289937200"
  },
  "Name": "EliteDangerous",
  "MessageCount": 6,
  "SubscriptionCount": 400
},{
  "_id": {
    "$oid": "b0e79f92eb4e4078957ca535"
  },
  "Name": "OpenPV",
  "MessageCount": 1,
  "SubscriptionCount": 578
},{
  "_id": {
    "$oid": "704cf317db1a45d3866334ee"
  },
  "Name": "gametales",
  "MessageCount": 4,
  "SubscriptionCount": 949
},{
  "_id": {
    "$oid": "38816e01fec7444fab8d61b3"
  },
  "Name": "sysadmin",
  "MessageCount": 17,
  "SubscriptionCount": 488
},{
  "_id": {
    "$oid": "d1539ccd70654d7badb4e757"
  },
  "Name": "circlebroke",
  "MessageCount": 4,
  "SubscriptionCount": 550
},{
  "_id": {
    "$oid": "1befd4805bf5478494e398fa"
  },
  "Name": "virtualreality",
  "MessageCount": 1,
  "SubscriptionCount": 150
},{
  "_id": {
    "$oid": "3fb24a65558447b290c0ddcd"
  },
  "Name": "cscareerquestions",
  "MessageCount": 7,
  "SubscriptionCount": 290
},{
  "_id": {
    "$oid": "6b039288d0c747ca89ff8d2c"
  },
  "Name": "changemyview",
  "MessageCount": 34,
  "SubscriptionCount": 275
},{
  "_id": {
    "$oid": "68d373a6e80f487685806b78"
  },
  "Name": "LoLTwistedTreeline",
  "MessageCount": 1,
  "SubscriptionCount": 470
},{
  "_id": {
    "$oid": "45b05455202e4501b80796cb"
  },
  "Name": "OperationGrabAss",
  "MessageCount": 1,
  "SubscriptionCount": 758
},{
  "_id": {
    "$oid": "96ce33dc9ec14bb8983d0361"
  },
  "Name": "swrpg",
  "MessageCount": 1,
  "SubscriptionCount": 957
},{
  "_id": {
    "$oid": "db87f4e92aae413097568d03"
  },
  "Name": "Metallica",
  "MessageCount": 1,
  "SubscriptionCount": 85
},{
  "_id": {
    "$oid": "3b32dce5b40b421fb65bb751"
  },
  "Name": "berkeley",
  "MessageCount": 3,
  "SubscriptionCount": 980
},{
  "_id": {
    "$oid": "437eda0ebad94304b94183de"
  },
  "Name": "MLBTheShow",
  "MessageCount": 1,
  "SubscriptionCount": 743
},{
  "_id": {
    "$oid": "449d514fcd84489bb7798ad5"
  },
  "Name": "assettocorsa",
  "MessageCount": 2,
  "SubscriptionCount": 803
},{
  "_id": {
    "$oid": "6f6e9967a29747f4ae57ccbc"
  },
  "Name": "videos",
  "MessageCount": 60,
  "SubscriptionCount": 453
},{
  "_id": {
    "$oid": "e07b632acb9d4e048d34d059"
  },
  "Name": "CodAW",
  "MessageCount": 1,
  "SubscriptionCount": 61
},{
  "_id": {
    "$oid": "ab7559a2e49e4647b13e341d"
  },
  "Name": "EnoughPaulSpam",
  "MessageCount": 1,
  "SubscriptionCount": 357
},{
  "_id": {
    "$oid": "d38f28ff020642ea9065d60a"
  },
  "Name": "FRC",
  "MessageCount": 1,
  "SubscriptionCount": 698
},{
  "_id": {
    "$oid": "69ced6c5b53a4b23b7418e6d"
  },
  "Name": "wicked_edge",
  "MessageCount": 7,
  "SubscriptionCount": 170
},{
  "_id": {
    "$oid": "d282a114482e4f5f9958b3d4"
  },
  "Name": "Demotivational",
  "MessageCount": 1,
  "SubscriptionCount": 812
},{
  "_id": {
    "$oid": "804edd7070c34ecab339b60e"
  },
  "Name": "litecoin",
  "MessageCount": 2,
  "SubscriptionCount": 96
},{
  "_id": {
    "$oid": "494dae147806464a99ba3184"
  },
  "Name": "WorldofTanks",
  "MessageCount": 10,
  "SubscriptionCount": 223
},{
  "_id": {
    "$oid": "252846297f4d41a286f5d0eb"
  },
  "Name": "oddlysatisfying",
  "MessageCount": 3,
  "SubscriptionCount": 846
},{
  "_id": {
    "$oid": "a928b062678542819a9607e5"
  },
  "Name": "C25K",
  "MessageCount": 2,
  "SubscriptionCount": 252
},{
  "_id": {
    "$oid": "f8c71e266f3141f5bff0e815"
  },
  "Name": "MarvelPuzzleQuest",
  "MessageCount": 1,
  "SubscriptionCount": 363
},{
  "_id": {
    "$oid": "3d965aecf9be4438bde02093"
  },
  "Name": "GreatScenes",
  "MessageCount": 1,
  "SubscriptionCount": 379
},{
  "_id": {
    "$oid": "99c374dc16ce4c8789f295a2"
  },
  "Name": "atheism",
  "MessageCount": 146,
  "SubscriptionCount": 227
},{
  "_id": {
    "$oid": "0a842a82b27b47a6be43c19e"
  },
  "Name": "Helldivers",
  "MessageCount": 2,
  "SubscriptionCount": 838
},{
  "_id": {
    "$oid": "0fe6093120e94b4995eaf7cd"
  },
  "Name": "SubredditDrama",
  "MessageCount": 8,
  "SubscriptionCount": 599
},{
  "_id": {
    "$oid": "e897709bee3c42e1817fd36f"
  },
  "Name": "DenverBroncos",
  "MessageCount": 1,
  "SubscriptionCount": 376
},{
  "_id": {
    "$oid": "441e551f4ee54416bbcc3876"
  },
  "Name": "Korean",
  "MessageCount": 1,
  "SubscriptionCount": 23
},{
  "_id": {
    "$oid": "cde21d339d7647b98d4af35f"
  },
  "Name": "rva",
  "MessageCount": 1,
  "SubscriptionCount": 589
},{
  "_id": {
    "$oid": "192ac8ca721f4d1dad200f8e"
  },
  "Name": "canucks",
  "MessageCount": 1,
  "SubscriptionCount": 977
},{
  "_id": {
    "$oid": "cfd7b628e5d14d64a15cd84a"
  },
  "Name": "OnePiece",
  "MessageCount": 4,
  "SubscriptionCount": 209
},{
  "_id": {
    "$oid": "6c48a02fc8324384a72ceed7"
  },
  "Name": "Random_Acts_Of_Pizza",
  "MessageCount": 1,
  "SubscriptionCount": 712
},{
  "_id": {
    "$oid": "24e51ca4253747fea9ae6085"
  },
  "Name": "Roku",
  "MessageCount": 1,
  "SubscriptionCount": 653
},{
  "_id": {
    "$oid": "2fc553a5c978482ea88a9a12"
  },
  "Name": "h1z1",
  "MessageCount": 3,
  "SubscriptionCount": 619
},{
  "_id": {
    "$oid": "40f7fd0746a049e18c56b75d"
  },
  "Name": "Paleontology",
  "MessageCount": 1,
  "SubscriptionCount": 271
},{
  "_id": {
    "$oid": "365b6a74a58e408f9e6b0218"
  },
  "Name": "Nerf",
  "MessageCount": 1,
  "SubscriptionCount": 336
},{
  "_id": {
    "$oid": "c43e87ca6eb4492686b38591"
  },
  "Name": "audiophile",
  "MessageCount": 4,
  "SubscriptionCount": 870
},{
  "_id": {
    "$oid": "733c45792dce481a8ef24d8e"
  },
  "Name": "collegehockey",
  "MessageCount": 1,
  "SubscriptionCount": 648
},{
  "_id": {
    "$oid": "70db29cbd29f480b963959b1"
  },
  "Name": "learnart",
  "MessageCount": 1,
  "SubscriptionCount": 696
},{
  "_id": {
    "$oid": "8927713869344cb2ae65dd8c"
  },
  "Name": "nuzlocke",
  "MessageCount": 1,
  "SubscriptionCount": 53
},{
  "_id": {
    "$oid": "47c060c5af204f888357fdf3"
  },
  "Name": "Planetside",
  "MessageCount": 9,
  "SubscriptionCount": 466
},{
  "_id": {
    "$oid": "c84d0ce4a9df4096be84e95c"
  },
  "Name": "PerfectTiming",
  "MessageCount": 1,
  "SubscriptionCount": 378
},{
  "_id": {
    "$oid": "9ae84fe9d97a4060866bd20b"
  },
  "Name": "autorepair",
  "MessageCount": 1,
  "SubscriptionCount": 401
},{
  "_id": {
    "$oid": "ea3c39533c7b49caaddb0ab4"
  },
  "Name": "space",
  "MessageCount": 11,
  "SubscriptionCount": 498
},{
  "_id": {
    "$oid": "1c58e74dd21f4c8cbfe0e739"
  },
  "Name": "BMW",
  "MessageCount": 4,
  "SubscriptionCount": 201
},{
  "_id": {
    "$oid": "ca4efdb0da8b41998a60f497"
  },
  "Name": "finance",
  "MessageCount": 2,
  "SubscriptionCount": 104
},{
  "_id": {
    "$oid": "c60b6e71a2754f0daec9267c"
  },
  "Name": "LeagueofLegendsMeta",
  "MessageCount": 5,
  "SubscriptionCount": 520
},{
  "_id": {
    "$oid": "712280d779fd48bebb97be49"
  },
  "Name": "pcgaming",
  "MessageCount": 7,
  "SubscriptionCount": 438
},{
  "_id": {
    "$oid": "75c6035ece524f4091b61192"
  },
  "Name": "SanJoseSharks",
  "MessageCount": 1,
  "SubscriptionCount": 261
},{
  "_id": {
    "$oid": "aea19c0553f24ccca92de0cd"
  },
  "Name": "sociopath",
  "MessageCount": 1,
  "SubscriptionCount": 176
},{
  "_id": {
    "$oid": "b80574d332b44a95872fb24e"
  },
  "Name": "RESissues",
  "MessageCount": 1,
  "SubscriptionCount": 643
},{
  "_id": {
    "$oid": "44ffa94de5044ba6bd68feac"
  },
  "Name": "toronto",
  "MessageCount": 5,
  "SubscriptionCount": 981
},{
  "_id": {
    "$oid": "26162b4b5fd34198a28182bf"
  },
  "Name": "BPD",
  "MessageCount": 1,
  "SubscriptionCount": 305
},{
  "_id": {
    "$oid": "bf6ec02ea2f847fe87cd1d6e"
  },
  "Name": "cringe",
  "MessageCount": 5,
  "SubscriptionCount": 139
},{
  "_id": {
    "$oid": "f5914993623941b786c697ef"
  },
  "Name": "summonerswar",
  "MessageCount": 1,
  "SubscriptionCount": 658
},{
  "_id": {
    "$oid": "3724b0c4f0fe45f9883a8d76"
  },
  "Name": "CuckoldCommunity",
  "MessageCount": 1,
  "SubscriptionCount": 303
},{
  "_id": {
    "$oid": "96b0cc58f7854a6890fe7818"
  },
  "Name": "typography",
  "MessageCount": 1,
  "SubscriptionCount": 310
},{
  "_id": {
    "$oid": "62852b6b95f146a18e23864b"
  },
  "Name": "diablo3",
  "MessageCount": 2,
  "SubscriptionCount": 64
},{
  "_id": {
    "$oid": "31a384110a5a4d61b12738e1"
  },
  "Name": "NetflixBestOf",
  "MessageCount": 1,
  "SubscriptionCount": 145
},{
  "_id": {
    "$oid": "c869cb2a265045f49654fbe9"
  },
  "Name": "washingtondc",
  "MessageCount": 1,
  "SubscriptionCount": 234
},{
  "_id": {
    "$oid": "c78ec9b6c2864caca681d37f"
  },
  "Name": "CHIBears",
  "MessageCount": 1,
  "SubscriptionCount": 314
},{
  "_id": {
    "$oid": "ee93251cf9a24ec6a085b0d8"
  },
  "Name": "BipolarReddit",
  "MessageCount": 2,
  "SubscriptionCount": 836
},{
  "_id": {
    "$oid": "296fb632f6e54f58bb5991d6"
  },
  "Name": "osugame",
  "MessageCount": 1,
  "SubscriptionCount": 404
},{
  "_id": {
    "$oid": "71fa1e5ed4b0439091a27588"
  },
  "Name": "PurplePillDebate",
  "MessageCount": 8,
  "SubscriptionCount": 932
},{
  "_id": {
    "$oid": "429593b01bfd421a93c99199"
  },
  "Name": "stunfisk",
  "MessageCount": 2,
  "SubscriptionCount": 436
},{
  "_id": {
    "$oid": "3f52a93d8df94db9beb29699"
  },
  "Name": "AskMen",
  "MessageCount": 46,
  "SubscriptionCount": 437
},{
  "_id": {
    "$oid": "b329675e836b4b549755e944"
  },
  "Name": "self",
  "MessageCount": 11,
  "SubscriptionCount": 993
},{
  "_id": {
    "$oid": "5547cc54758749ab9b495b88"
  },
  "Name": "bestof",
  "MessageCount": 10,
  "SubscriptionCount": 142
},{
  "_id": {
    "$oid": "b7cd8389484d4ae5931ff34c"
  },
  "Name": "DotA2",
  "MessageCount": 55,
  "SubscriptionCount": 716
}]